avg_bathrooms,avg_bedrooms
2.234234234234234,2.7927927927927927
